organizer_name_2016,organizer_name_2014,over_75_2015,over_75_2030,over_75_change,municipality_id,municipality_name,organizer_type,organizer_id,county_name,county_id,K107_1,K107_2,K107_3,K107_4,K108_1,K108_2,K108_3,K108_4,K108_5,K109_1,K109_2,K109_3,K109_4,K109_5,K115_1,K115_4,K115_7,K63_2,K63_3,K63_4,K63_5,K63_6,K63_7,K63_8,K62A,K62B,K62D,K62E,K62F,K68_9,K68_10,K48,K93
Akaan ja Urjalan yta,Akaan ja Urjalan yta,9,14.3,62.7,020,Akaa,3,1001,Pirkanmaa,06,0,10,70,20,50,50,0,0,0,0,10,10,60,20,1,1,1,1,5,1,5,4,4,1,3,2,2,1,0,4,4,2,1
Järvi-Pohjanmaan yta,Järvi-Pohjanmaan yta,11.6,17.9,40.6,005,Alajärvi,3,1011,Etelä-Pohjanmaa,14,30,50,10,10,10,80,10,0,0,10,60,20,10,0,0,1,1,1,6,5,1,3,2,1,1,1,2,3,3,1,1,2,1
Peruspalveluky Kallio,Peruspalveluky Kallio,11.6,17,35.7,009,Alavieska,2,1037,Pohjois-Pohjanmaa,17,30,70,0,0,5,70,20,3,2,20,50,20,7,3,0,0,1,1,6,2,1,3,2,1,1,2,2,3,1,3,3,2,1
Kuusiokuntien Sosiaali- ja terveyskuntayhtymä,Alavus,11.7,18.3,41.5,010,Alavus,2,1024,Etelä-Pohjanmaa,14,45,45,10,0,0,100,0,0,0,100,0,0,0,0,0,1,1,3,3,4,1,4,4,3,2,2,2,3,0,1,1,2,0
Peruspalvelukeskus Oiva,Peruspalvelukeskus Oiva,11.9,21.4,73.7,016,Asikkala,3,1035,Päijät-Häme,07,80,20,0,0,100,0,0,0,0,100,0,0,0,0,0,1,1,5,5,1,4,4,4,4,1,1,2,1,1,2,3,3,1
Askola,Askola,6.6,11.9,101.5,018,Askola,1,018,Uusimaa,01,80,10,10,0,20,60,20,0,0,20,60,20,0,0,0,0,0,3,6,4,6,3,3,2,2,2,2,3,3,2,1,2,1
Aura,Aura,6.6,12.3,98.1,019,Aura,1,019,Varsinais-Suomi,02,100,0,0,0,10,90,0,0,0,50,50,0,0,0,0,0,0,1,6,1,4,4,4,1,1,2,2,0,0,1,1,2,1
Itä-Savon sairaanhoitopiirin ky,Enonkoski,16,24.5,33.5,046,Enonkoski,2,1070,Etelä-Savo,10,0,100,0,0,0,100,0,0,0,0,0,0,100,0,0,0,0,6,1,2,6,4,4,1,1,2,2,1,1,2,1,3,1
Enontekiö,Enontekiö,9.2,18,110.5,047,Enontekiö,1,047,Lappi,19,50,20,29,1,50,40,10,0,0,80,20,0,0,0,1,1,0,5,5,4,1,3,4,1,2,2,2,1,2,2,2,2,1
Espoo,Espoo,5.1,9.5,119.3,049,Espoo,1,049,Uusimaa,01,100,0,0,0,85,15,0,0,0,80,10,5,4,1,0,0,1,6,1,1,1,3,3,1,1,1,2,2,1,2,2,1,1
Eura,Eura,11.6,17.6,47.1,050,Eura,1,050,Satakunta,04,90,10,0,0,100,0,0,0,0,50,50,0,0,0,0,0,0,1,1,1,1,1,1,2,1,2,2,2,1,1,1,1,1
Eurajoki,Eurajoki,9.7,16,67.1,051,Eurajoki,1,051,Satakunta,04,80,20,0,0,100,0,0,0,0,100,0,0,0,0,0,0,1,6,1,1,1,1,1,1,1,1,1,3,3,3,3,2,1
Kuntayhtymä Kaksineuvoinen,Kuntayhtymä Kaksineuvoinen,12.3,17.3,28.8,052,Evijärvi,2,1023,Etelä-Pohjanmaa,14,95,5,0,0,98,2,0,0,0,90,10,0,0,0,0,0,0,6,6,5,6,3,3,1,1,1,1,2,2,1,1,2,1
Forssan Seudun Hyvinvointikuntayhtymä,Forssan seudun hyvinvointikuntayhtymä,11.9,20.8,68.9,061,Forssa,2,1065,Kanta-Häme,05,80,20,0,0,100,0,0,0,0,0,100,0,0,0,1,0,0,6,6,2,6,4,4,1,3,2,2,0,1,2,1,2,1
Peruspalveluky Selänne,Peruspalveluky Selänne,9.2,15.4,55.2,069,Haapajärvi,2,1038,Pohjois-Pohjanmaa,17,95,5,0,0,80,20,0,0,0,100,0,0,0,0,0,0,0,6,6,1,6,3,4,1,1,2,2,1,1,1,1,1,1
Haapavesi (isäntäkunta) ja Siikalatva,Sosiaali- ja terveyspiiri Helmi,9,14.3,44.5,071,Haapavesi,3,2006,Pohjois-Pohjanmaa,17,90,10,0,0,0,90,10,0,0,0,0,0,100,0,0,0,0,6,5,5,4,2,3,1,1,2,2,3,3,1,1,2,1
Hailuoto,Hailuoto,13.3,24.9,85.6,072,Hailuoto,1,072,Pohjois-Pohjanmaa,17,90,5,5,0,0,100,0,0,0,0,100,0,0,0,0,0,0,6,6,2,2,4,3,1,1,1,1,0,1,1,1,2,1
Peruspalveluliikelaitos Jyta,Peruspalveluliikelaitos Jyta,14.8,22.6,20.4,074,Halsua,3,1016,Keski-Pohjanmaa,16,95,5,0,0,20,50,30,0,0,20,50,30,0,0,0,1,0,1,6,2,6,4,4,2,1,2,2,3,3,2,1,2,1
Hämeenkyrö,Hämeenkyrö,9.5,14.9,63.7,108,Hämeenkyrö,1,108,Pirkanmaa,06,30,50,20,0,30,40,20,10,0,70,20,5,5,0,0,1,0,5,6,2,3,3,3,2,1,1,2,2,1,2,1,1,1
Hämeenlinna,Hämeenlinna,10.4,16,63.7,109,Hämeenlinna,1,109,Kanta-Häme,05,80,10,10,0,90,10,0,0,0,60,25,10,3,2,0,0,1,6,5,1,2,3,3,1,1,2,2,2,2,1,1,2,1
Hamina,Hamina,11.6,18.5,49.3,075,Hamina,1,075,Kymenlaakso,08,95,5,0,0,100,0,0,0,0,95,5,0,0,0,0,0,0,6,6,1,2,3,2,1,2,2,2,2,1,1,1,2,1
Hankasalmi,Hankasalmi,13.3,18.8,29.9,077,Hankasalmi,1,077,Keski-Suomi,13,5,95,0,0,10,90,0,0,0,100,0,0,0,0,0,0,0,6,6,1,6,6,6,1,1,1,1,3,1,1,1,2,1
Hanko,Hanko,10.3,20.9,77.6,078,Hanko,1,078,Uusimaa,01,90,10,0,0,50,50,0,0,0,100,0,0,0,0,0,1,1,2,6,1,6,3,3,1,2,2,2,0,1,1,2,1,0
Harjavalta,Harjavalta,12.6,21.1,58.2,079,Harjavalta,1,079,Satakunta,04,95,5,0,0,5,95,0,0,0,5,95,0,0,0,1,1,0,6,1,1,4,4,4,1,2,2,2,0,3,4,4,2,1
PHSOTEY/Aava,PHSOTEY/Aava,14.5,21.6,32.7,081,Hartola,2,1041,Päijät-Häme,07,50,50,0,0,50,50,0,0,0,50,50,0,0,0,1,0,0,1,5,1,3,4,4,1,2,2,2,1,1,1,1,2,1
Hattula,Hattula,7.8,14.2,85.4,082,Hattula,1,082,Kanta-Häme,05,50,50,0,0,70,30,0,0,0,100,0,0,0,0,0,0,0,6,6,2,1,2,2,1,2,1,1,0,0,1,1,1,1
Hausjärvi,Hausjärvi,7.7,12.8,71.9,086,Hausjärvi,1,086,Kanta-Häme,05,40,60,0,0,20,60,20,0,0,80,20,0,0,0,0,0,1,6,6,1,1,4,4,2,2,3,3,1,1,1,1,2,1
Heinävesi,Heinävesi,16.9,25.1,19.7,090,Heinävesi,1,090,Etelä-Savo,10,80,20,0,0,0,0,100,0,0,100,0,0,0,0,0,1,0,2,6,1,4,4,4,1,2,2,2,0,0,2,2,3,1
Heinola,Heinola,12.5,23.4,72.1,111,Heinola,1,111,Päijät-Häme,07,50,50,0,0,30,70,0,0,0,10,60,20,10,0,0,0,0,6,1,1,3,4,4,1,1,2,2,1,1,1,1,1,1
Helsinki,Helsinki,6.9,10.2,70.3,091,Helsinki,1,091,Uusimaa,01,80,20,0,0,100,0,0,0,0,100,0,0,0,0,0,0,0,6,6,1,6,2,1,1,1,1,1,3,3,1,1,1,1
"Mikkeli (isäntäkunta), Hirvensalmi ja Puumala","Mikkeli (isäntäkunta), Hirvensalmi ja Puumala",14.7,22,36.8,097,Hirvensalmi,3,2004,Etelä-Savo,10,100,0,0,0,80,20,0,0,0,100,0,0,0,0,0,0,0,6,6,2,2,3,3,1,1,2,2,1,1,1,1,2,1
Peruspalvelukeskus Oiva,Peruspalvelukeskus Oiva,8.5,16.1,71.6,098,Hollola,3,1035,Päijät-Häme,07,80,20,0,0,100,0,0,0,0,100,0,0,0,0,0,1,1,5,5,1,4,4,4,4,1,1,2,1,1,2,3,3,1
Peruspalveluliikelaitos-ky POSA,Peruspalveluliikelaitos-ky POSA,11.8,17.6,34.1,099,Honkajoki,2,1039,Satakunta,04,70,30,0,0,50,50,0,0,0,100,0,0,0,0,0,0,0,6,5,3,3,3,3,2,1,2,3,1,1,1,1,3,1
Huittinen,Huittinen,12.7,18.5,39.4,102,Huittinen,1,102,Satakunta,04,85,15,0,0,30,50,15,5,0,80,14,5,1,0,0,0,0,2,5,1,2,3,3,1,3,1,2,1,1,1,1,2,1
Forssan Seudun Hyvinvointikuntayhtymä,Forssan seudun hyvinvointikuntayhtymä,11.1,17.4,48.5,103,Humppila,2,1065,Kanta-Häme,05,80,20,0,0,100,0,0,0,0,0,100,0,0,0,1,0,0,6,6,2,6,4,4,1,3,2,2,0,1,2,1,2,1
Kainuun sosiaali- ja terveydenhuollon kuntayhtymä,Kainuun sosiaali- ja terveydenhuollon kuntayhtymä,15.9,28.2,36.5,105,Hyrynsalmi,2,1013,Kainuu,18,100,0,0,0,20,60,10,10,0,0,60,20,20,0,0,0,0,6,6,1,4,4,4,1,2,2,2,1,1,1,1,2,1
Hyvinkää,Hyvinkää,8.3,14,80.9,106,Hyvinkää,1,106,Uusimaa,01,95,5,0,0,40,60,0,0,0,40,60,0,0,0,0,1,1,1,1,1,1,2,2,1,1,1,1,2,2,1,1,2,1
Oulunkaaren ky,Oulunkaaren ky,8.5,12.4,54.2,139,Ii,2,1031,Pohjois-Pohjanmaa,17,80,20,0,0,15,80,3,2,0,98,2,0,0,0,0,1,1,1,6,2,3,4,3,1,2,1,1,2,3,1,1,1,1
Ylä-Savon sote-ky,Ylä-Savon sote-ky,10.3,16.6,61.1,140,Iisalmi,2,1062,Pohjois-Savo,11,100,0,0,0,50,45,5,0,0,77,23,0,0,0,0,1,0,6,1,1,1,1,1,1,1,2,2,1,1,2,2,2,1
PHSOTEY/Aava,PHSOTEY/Aava,11.9,20,63.7,142,Iitti,2,1041,Päijät-Häme,07,50,50,0,0,50,50,0,0,0,50,50,0,0,0,1,0,0,1,5,1,3,4,4,1,2,2,2,1,1,1,1,2,1
Ikaalinen,Ikaalinen,12.3,19.5,57.6,143,Ikaalinen,1,143,Pirkanmaa,06,20,80,0,0,20,80,0,0,0,100,0,0,0,0,0,0,1,1,6,5,1,1,1,4,1,1,1,2,1,1,1,2,0
JIK,JIK,9,12.8,53.8,145,Ilmajoki,2,1007,Etelä-Savo,10,50,50,0,0,50,50,0,0,0,80,20,0,0,0,0,0,0,6,6,5,6,4,4,1,1,1,2,1,0,1,1,1,1
Ilomantsi,Ilomantsi,16.8,26.6,28.7,146,Ilomantsi,1,146,Pohjois-Karjala,12,95,5,0,0,100,0,0,0,0,100,0,0,0,0,0,0,1,6,6,2,4,4,3,2,1,1,1,1,2,1,1,1,1
EKSOTE,Imatra,12.5,19.4,47,153,Imatra,2,1002,Etelä-Karjala,09,95,5,0,0,80,20,0,0,0,90,10,0,0,0,0,0,0,5,5,5,4,2,2,1,1,2,2,3,3,1,1,1,1
Inari,Inari,9.3,18,95.9,148,Inari,1,148,Lappi,19,10,60,30,0,10,50,40,0,0,50,50,0,0,0,0,1,1,1,6,2,4,3,2,1,1,2,2,1,1,2,1,2,1
Inkoo,Inkoo,8.8,16,82.2,149,Inkoo,1,149,Uusimaa,01,100,0,0,0,0,100,0,0,0,100,0,0,0,0,0,0,0,3,6,5,6,4,4,1,3,2,2,1,1,1,1,2,1
Suupohjan peruspalveluliikelaitos-ky,Suupohjan peruspalveluliikelaitos-ky,15,20.3,17.6,151,Isojoki,2,1055,Etelä-Pohjanmaa,14,100,0,0,0,0,100,0,0,0,50,50,0,0,0,0,1,0,6,6,5,1,4,4,1,2,1,1,3,3,1,1,1,1
Isokyrö,Isokyrö,11.8,16.1,30.3,152,Isokyrö,1,152,Pohjanmaa,15,90,10,0,0,0,0,50,50,0,100,0,0,0,0,1,0,1,2,1,1,6,3,2,1,1,2,2,0,2,1,1,1,1
Peruspalveluliikelaitos-ky POSA,Peruspalveluliikelaitos-ky POSA,13.4,18.7,36.4,181,Jämijärvi,2,1039,Satakunta,04,70,30,0,0,50,50,0,0,0,100,0,0,0,0,0,0,0,6,5,3,3,3,3,2,1,2,3,1,1,1,1,3,1
Jämsän ja Kuhmoisten yta,Jämsän ja Kuhmoisten yta,12.3,20.4,46.2,182,Jämsä,3,1010,Keski-Suomi,13,20,80,0,0,0,100,0,0,0,100,0,0,0,0,0,0,0,6,6,1,1,4,3,1,1,2,3,1,3,3,4,2,1
Janakkala,Janakkala,9.2,15.6,70.2,165,Janakkala,1,165,Kanta-Häme,05,70,30,0,0,30,70,0,0,0,70,30,0,0,0,0,0,1,6,1,2,6,4,4,3,2,2,2,3,3,1,1,2,0
Järvenpää,Järvenpää,5.8,12.6,142.2,186,Järvenpää,1,186,Uusimaa,01,60,40,0,0,60,40,0,0,0,50,10,20,10,10,0,0,1,1,6,1,2,4,4,1,1,1,1,2,1,1,1,1,1
"Joensuun, Kontiolahden ja Outokummun yta-alue","Joensuun, Kontiolahden ja Outokummun yta-alue",8.5,14.1,74.4,167,Joensuu,3,1066,Pohjois-Karjala,12,20,50,30,0,50,50,0,0,0,80,10,10,0,0,0,0,0,5,6,1,2,4,4,1,2,2,2,2,2,1,1,1,1
Forssan Seudun Hyvinvointikuntayhtymä,Forssan seudun hyvinvointikuntayhtymä,10,17.1,60.9,169,Jokioinen,2,1065,Kanta-Häme,05,80,20,0,0,100,0,0,0,0,0,100,0,0,0,1,0,0,6,6,2,6,4,4,1,3,2,2,0,1,2,1,2,1
Varkauden ja Joroisen yta-alue,Varkauden ja Joroisen yta-alue,11.2,19.7,59.4,171,Joroinen,3,1059,Pohjois-Savo,11,79,18,2,1,79,18,1,1,1,80,18,2,0,0,0,1,1,6,6,3,3,4,4,2,2,1,2,1,1,1,1,2,1
Joutsa,Joutsa,15.7,26.7,48.5,172,Joutsa,1,172,Keski-Suomi,13,100,0,0,0,100,0,0,0,0,100,0,0,0,0,0,0,1,1,1,4,6,4,4,2,1,1,1,0,0,2,2,2,1
Juankoski,Juankoski,12.9,23.4,49.4,174,Juankoski,1,174,Pohjois-Savo,11,50,40,10,0,50,50,0,0,0,100,0,0,0,0,0,1,1,6,6,3,4,4,3,1,2,2,3,3,3,3,2,2,0
Juuka,Juuka,15,26.4,36.3,176,Juuka,1,176,Pohjois-Karjala,12,80,20,0,0,40,60,0,0,0,50,50,0,0,0,0,0,0,6,6,5,3,1,1,2,2,2,2,3,3,1,2,3,1
Mänttä-Vilppulan ja Juupajoen yhteistoiminta-alue,Juupajoki,12.1,18.8,46.5,177,Juupajoki,3,1069,Pirkanmaa,06,80,20,0,0,0,80,20,0,0,100,0,0,0,0,0,0,0,6,6,1,4,4,4,1,1,2,2,1,1,3,3,2,1
Juva,Juva ja Rantasalmi,14.8,25.2,42.6,178,Juva,1,178,Etelä-Savo,10,70,30,0,0,100,0,0,0,0,90,10,0,0,0,0,0,1,1,6,2,2,3,2,1,2,2,2,1,1,1,1,2,1
Jyväskylä,Jyväskylä,7,11.6,79.1,179,Jyväskylä,1,179,Keski-Suomi,13,80,20,0,0,30,70,0,0,0,100,0,0,0,0,0,0,0,3,6,1,2,4,4,3,3,3,3,2,2,1,2,3,1
Kaarina,Kaarina,7.5,14.3,105.5,202,Kaarina,1,202,Varsinais-Suomi,02,90,10,0,0,70,30,0,0,0,40,40,10,10,0,1,0,0,1,1,1,4,4,4,1,3,2,2,2,2,1,1,2,1
Kaavi,Kaavi,14.5,21.3,27.4,204,Kaavi,1,204,Pohjois-Savo,11,50,50,0,0,10,80,10,0,0,80,20,0,0,0,0,0,1,1,6,4,1,2,2,1,1,2,2,0,3,1,1,2,1
Kainuun sosiaali- ja terveydenhuollon kuntayhtymä,Kainuun sosiaali- ja terveydenhuollon kuntayhtymä,9.1,14.9,60.1,205,Kajaani,2,1013,Kainuu,18,100,0,0,0,20,60,10,10,0,0,60,20,20,0,0,0,0,6,6,1,4,4,4,1,2,2,2,1,1,1,1,2,1
Kalajoen ja Merijärven yta,Kalajoen ja Merijärven yta,9.6,16.2,69.2,208,Kalajoki,3,1014,Pohjois-Pohjanmaa,17,100,0,0,0,80,20,0,0,0,80,20,0,0,0,0,0,0,1,6,1,1,2,2,1,1,1,1,2,2,1,2,1,1
Kangasalan ja Pälkäneen yta,Kangasalan ja Pälkäneen yta,7.8,13.4,82.7,211,Kangasala,2,1063,Pirkanmaa,06,100,0,0,0,100,0,0,0,0,100,0,0,0,0,0,1,0,6,5,2,4,4,3,1,2,2,2,2,1,4,4,2,1
Kangasniemi,Kangasniemi,15.8,25.5,41,213,Kangasniemi,1,213,Etelä-Savo,10,20,70,10,0,10,90,0,0,0,50,50,0,0,0,0,1,1,1,5,1,1,2,2,1,2,2,2,1,1,1,1,2,1
Peruspalveluliikelaitos-ky POSA,Peruspalveluliikelaitos-ky POSA,10.4,17.3,56.2,214,Kankaanpää,2,1039,Satakunta,04,70,30,0,0,50,50,0,0,0,100,0,0,0,0,0,0,0,6,5,3,3,3,3,2,1,2,3,1,1,1,1,3,1
Perusturvaliikelaitos Saarikka,Perusturvaliikelaitos Saarikka,15.8,24.3,34.6,216,Kannonkoski,2,1050,Keski-Suomi,13,70,30,0,0,70,30,0,0,0,50,10,20,10,10,0,1,0,3,6,1,1,4,4,1,1,1,2,2,1,1,1,2,1
Peruspalveluliikelaitos Jyta,Peruspalveluliikelaitos Jyta,9,15.3,59.2,217,Kannus,3,1016,Keski-Pohjanmaa,16,95,5,0,0,20,50,30,0,0,20,50,30,0,0,0,1,0,1,6,2,6,4,4,2,1,2,2,3,3,2,1,2,1
Suupohjan peruspalveluliikelaitos-ky,Suupohjan peruspalveluliikelaitos-ky,17.2,24.5,21.2,218,Karijoki,2,1055,Etelä-Pohjanmaa,14,100,0,0,0,0,100,0,0,0,50,50,0,0,0,0,1,0,6,6,5,1,4,4,1,2,1,1,3,3,1,1,1,1
Perusturva-ky Karviainen,Perusturva-ky Karviainen,9.7,16.7,70,224,Karkkila,2,1040,Uusimaa,01,100,0,0,0,80,0,20,0,0,0,50,25,25,0,0,0,1,6,6,2,6,4,4,1,1,2,2,0,1,1,1,2,1
Peruspalvelukeskus Oiva,Peruspalvelukeskus Oiva,9,18.4,89.1,316,Kärkölä,3,1035,Päijät-Häme,07,80,20,0,0,100,0,0,0,0,100,0,0,0,0,0,1,1,5,5,1,4,4,4,4,1,1,2,1,1,2,3,3,1
Kärsämäki,Peruspalveluky Selänne,11.7,18.3,23.9,317,Kärsämäki,1,317,Pohjois-Pohjanmaa,17,0,0,100,0,0,50,0,50,0,100,0,0,0,0,0,0,0,3,6,4,2,2,2,1,2,2,2,2,2,1,1,2,1
Perusturvaliikelaitos Saarikka,Perusturvaliikelaitos Saarikka,14.3,22.3,31.1,226,Karstula,2,1050,Keski-Suomi,13,70,30,0,0,70,30,0,0,0,50,10,20,10,10,0,1,0,3,6,1,1,4,4,1,1,1,2,2,1,1,1,2,1
Peruspalveluliikelaitos-ky POSA,Peruspalveluliikelaitos-ky POSA,14.2,23.2,39,230,Karvia,2,1039,Satakunta,04,70,30,0,0,50,50,0,0,0,100,0,0,0,0,0,0,0,6,5,3,3,3,3,2,1,2,3,1,1,1,1,3,1
Kaskinen,Kaskinen,12.8,31.2,121.8,231,Kaskinen,1,231,Pohjanmaa,15,80,20,0,0,100,0,0,0,0,50,50,0,0,0,1,0,1,4,6,2,4,4,4,3,1,1,2,0,0,2,2,3,1
Suupohjan peruspalveluliikelaitos-ky,Suupohjan peruspalveluliikelaitos-ky,10.2,17.6,65.1,232,Kauhajoki,2,1055,Etelä-Pohjanmaa,14,100,0,0,0,0,100,0,0,0,50,50,0,0,0,0,1,0,6,6,5,1,4,4,1,2,1,1,3,3,1,1,1,1
Kuntayhtymä Kaksineuvoinen,Kuntayhtymä Kaksineuvoinen,12.4,18.6,37,233,Kauhava,3,1024,Etelä-Pohjanmaa,15,95,5,0,0,98,2,0,0,0,90,10,0,0,0,0,0,0,6,6,5,6,3,3,1,1,1,1,2,2,1,1,2,1
Kauniainen,Kauniainen,9.5,14.3,76.1,235,Kauniainen,1,235,Uusimaa,01,90,10,0,0,80,20,0,0,0,70,10,5,15,0,0,0,0,1,6,1,4,4,4,1,1,2,2,0,3,1,1,1,1
Peruspalveluliikelaitos Jyta,Peruspalveluliikelaitos Jyta,9.3,15,59.9,236,Kaustinen,3,1016,Keski-Pohjanmaa,16,95,5,0,0,20,50,30,0,0,20,50,30,0,0,0,1,0,1,6,2,6,4,4,2,1,2,2,3,3,2,1,2,1
Keitele,Keitele,14.2,24.2,46.9,239,Keitele,1,239,Pohjois-Savo,11,95,5,0,0,80,20,0,0,0,60,40,0,0,0,0,0,0,1,6,1,1,6,4,2,2,2,2,2,2,2,1,2,1
Kemi,Kemi,11.1,17.8,50.2,240,Kemi,1,240,Lappi,19,70,10,10,10,90,10,0,0,0,90,5,5,0,0,0,0,1,1,1,1,1,4,4,1,1,1,2,1,1,1,2,2,1
Kemijärvi,Kemijärvi,16.3,26.4,32.1,320,Kemijärvi,1,320,Lappi,19,5,30,60,5,5,93,2,0,0,90,10,0,0,0,0,1,1,2,3,3,1,4,4,3,2,2,2,3,3,2,2,3,0
Keminmaa,Keminmaa,8.4,16,85.7,241,Keminmaa,1,241,Lappi,19,40,50,10,0,0,0,0,100,0,0,0,0,100,0,0,0,1,1,6,3,3,3,3,1,1,1,2,1,3,1,2,1,1
Kemiönsaari,Kemiönsaari,14,22.6,42.9,322,Kemiönsaari,1,322,Varsinais-Suomi,02,60,40,0,0,100,0,0,0,0,0,100,0,0,0,1,0,1,1,1,2,1,2,2,1,2,2,2,3,3,1,2,2,1
Kempele,Kempele,5.1,11.6,157.7,244,Kempele,1,244,Pohjois-Pohjanmaa,17,90,10,0,0,0,70,30,0,0,60,40,0,0,0,0,0,1,1,6,1,6,4,4,1,1,2,2,3,3,1,2,2,1
Kerava,Kerava,6.1,13,137.1,245,Kerava,1,245,Uusimaa,01,50,50,0,0,80,20,0,0,0,10,40,40,10,0,0,0,0,1,1,1,6,4,4,2,1,2,2,1,1,2,2,2,1
Keuruu,Keuruu,13.4,22.6,49,249,Keuruu,1,249,Keski-Suomi,13,90,10,0,0,100,0,0,0,0,10,80,10,0,0,0,0,0,1,1,1,1,3,3,1,1,2,2,1,2,1,1,2,1
Parkanon ja Kihniön sote yhteistoiminta-alue sis. Parkano ja Kihniö,Kihniö,14.5,22.5,28.5,250,Kihniö,3,1068,Pirkanmaa,06,60,30,6,4,10,55,25,10,0,10,70,20,0,0,0,0,0,1,6,1,4,4,4,1,2,2,2,1,2,2,2,2,1
Kinnula,Kinnula,12.4,21.5,64.8,256,Kinnula,1,256,Keski-Suomi,13,60,40,0,0,50,50,0,0,0,50,40,10,0,0,0,0,1,3,2,3,1,4,4,2,2,2,2,0,1,2,2,2,0
Kirkkonummi,Kirkkonummi,4.8,11.3,157.3,257,Kirkkonummi,1,257,Uusimaa,01,80,20,0,0,80,20,0,0,0,80,20,0,0,0,0,0,1,2,2,2,2,1,1,1,2,2,2,0,1,3,3,1,1
Kitee,Kitee,14.1,25,45,260,Kitee,1,260,Pohjois-Karjala,12,100,0,0,0,50,50,0,0,0,100,0,0,0,0,0,0,1,6,6,5,3,4,4,2,1,2,2,2,2,2,2,2,1
Kittilä,Kittilä,9,12.3,54.2,261,Kittilä,1,261,Lappi,19,20,30,50,0,10,10,30,40,10,10,10,30,40,10,0,0,1,3,6,2,4,4,4,2,2,2,2,3,3,2,2,2,1
Ylä-Savon sote-ky,Ylä-Savon sote-ky,13,19.9,34.4,263,Kiuruvesi,2,1062,Pohjois-Savo,11,100,0,0,0,50,45,5,0,0,77,23,0,0,0,0,1,0,6,1,1,1,1,1,1,1,2,2,1,1,2,2,2,1
Perusturvaliikelaitos Saarikka,Perusturvaliikelaitos Saarikka,15.9,27.7,45,265,Kivijärvi,2,1050,Keski-Suomi,13,70,30,0,0,70,30,0,0,0,50,10,20,10,10,0,1,0,3,6,1,1,4,4,1,1,1,2,2,1,1,1,2,1
Kokemäki,Kokemäki,12.7,18.7,34.1,271,Kokemäki,1,271,Satakunta,04,10,20,60,10,0,10,60,20,10,10,10,40,40,0,1,1,0,6,6,2,4,4,4,2,3,2,2,0,1,2,1,3,1
Kokkolan ja Kruunupyyn yta,Kokkolan ja Kruunupyyn yta,8.4,13.5,71.4,272,Kokkola,3,1020,Keski-Pohjanmaa,16,80,20,0,0,100,0,0,0,0,80,20,0,0,0,0,0,0,1,1,1,2,4,4,1,2,2,2,2,1,1,1,1,1
Kolari,Kolari,10.6,18.5,76.5,273,Kolari,1,273,Lappi,19,80,10,10,0,10,20,60,10,0,10,10,70,10,0,0,0,0,1,6,1,1,2,3,1,2,2,2,1,3,1,1,2,1
Konnevesi,Konnevesi,14.9,22.9,37.9,275,Konnevesi,1,275,Keski-Suomi,13,95,5,0,0,100,0,0,0,0,95,5,0,0,0,0,0,1,5,1,4,4,4,3,2,1,2,1,1,1,2,2,2,1
"Joensuun, Kontiolahden ja Outokummun yta-alue","Joensuun, Kontiolahden ja Outokummun yta-alue",5.3,10.9,134.8,276,Kontiolahti,3,1066,Pohjois-Karjala,12,20,50,30,0,50,50,0,0,0,80,10,10,0,0,0,0,0,5,6,1,2,4,4,1,2,2,2,2,2,1,1,1,1
Korsnäs,Korsnäs,12.4,18.1,47.4,280,Korsnäs,1,280,Pohjanmaa,15,95,5,0,0,80,5,5,5,5,70,10,10,5,5,0,0,1,1,1,2,4,1,2,2,1,2,2,0,0,1,1,2,0
Koski Tl,Koski Tl,14.7,18.5,24.1,284,Koski Tl,1,284,Varsinais-Suomi,02,30,40,25,5,30,60,10,0,0,20,70,10,0,0,0,0,0,3,6,1,4,3,3,1,2,2,2,3,2,1,2,1,1
Kotka,Kotka,10.4,16.8,58.9,285,Kotka,1,285,Kymenlaakso,08,90,10,0,0,0,90,10,0,0,75,5,15,5,0,0,1,0,1,6,5,2,4,4,1,1,2,2,2,2,1,1,3,1
Kouvola,Kouvola,11,17.8,53.9,286,Kouvola,1,286,Kymenlaakso,08,100,0,0,0,90,10,0,0,0,90,10,0,0,0,0,1,1,6,1,2,1,4,4,2,2,2,2,3,3,2,2,2,1
Kristiinankaupunki,Kristiinankaupunki,14.8,24.2,42.3,287,Kristiinankaupunki,1,287,Pohjanmaa,15,80,20,0,0,70,30,0,0,0,80,20,0,0,0,0,1,1,1,6,4,3,2,2,1,2,1,1,3,1,2,2,2,1
Kokkolan ja Kruunupyyn yta,Kokkolan ja Kruunupyyn yta,11,15.8,41.3,288,Kruunupyy,3,1020,Keski-Pohjanmaa,16,80,20,0,0,100,0,0,0,0,80,20,0,0,0,0,0,0,1,1,1,2,4,4,1,2,2,2,2,1,1,1,1,1
Kainuun sosiaali- ja terveydenhuollon kuntayhtymä,Kainuun sosiaali- ja terveydenhuollon kuntayhtymä,14,24.4,41,290,Kuhmo,2,1013,Kainuu,18,100,0,0,0,20,60,10,10,0,0,60,20,20,0,0,0,0,6,6,1,4,4,4,1,2,2,2,1,1,1,1,2,1
Jämsän ja Kuhmoisten yta,Jämsän ja Kuhmoisten yta,20.3,31.4,25.3,291,Kuhmoinen,3,1010,Keski-Suomi,13,20,80,0,0,0,100,0,0,0,100,0,0,0,0,0,0,0,6,6,1,1,4,3,1,1,2,3,1,3,3,4,2,1
Kuopio (isäntäkunta) ja Maaninka,Kuopio (isäntäkunta) ja Maaninka,8.3,12.9,71.3,297,Kuopio,1,297,Pohjois-Savo,11,70,30,0,0,100,0,0,0,0,60,20,5,10,5,0,0,1,1,5,4,4,4,4,4,3,3,3,2,2,2,2,2,1
Kuusiokuntien Sosiaali- ja terveyskuntayhtymä,Kuortane,14.4,19.7,12.3,300,Kuortane,2,1024,Etelä-Pohjanmaa,14,45,45,10,0,0,100,0,0,0,100,0,0,0,0,0,1,1,3,3,4,1,4,4,3,2,2,2,3,0,1,1,2,0
JIK,JIK,11.9,19.3,49.1,301,Kurikka,2,1007,Etelä-Savo,10,50,50,0,0,50,50,0,0,0,80,20,0,0,0,0,0,0,6,6,5,6,4,4,1,1,1,2,1,0,1,1,1,1
Kustavi,Kustavi,14,25.9,89.6,304,Kustavi,1,304,Varsinais-Suomi,02,99,1,0,0,100,0,0,0,0,100,0,0,0,0,0,0,0,1,1,1,1,2,2,1,2,2,2,0,2,1,1,1,1
Kuusamo,Kuusamo,10.6,19.4,60.9,305,Kuusamo,1,305,Pohjois-Pohjanmaa,17,2,80,17,1,65,15,10,5,5,90,10,0,0,0,0,0,1,6,6,1,1,4,4,1,2,2,2,3,2,1,1,2,1
Perusturvaliikelaitos Saarikka,Perusturvaliikelaitos Saarikka,14.1,21.7,20.6,312,Kyyjärvi,2,1050,Keski-Suomi,13,70,30,0,0,70,30,0,0,0,50,10,20,10,10,0,1,0,3,6,1,1,4,4,1,1,1,2,2,1,1,1,2,1
Lahti,Lahti,9.1,15.5,57.6,398,Lahti,1,398,Päijät-Häme,07,100,0,0,0,90,10,0,0,0,70,5,10,15,0,0,0,0,1,6,1,3,4,4,2,2,2,2,3,3,1,1,2,1
Laihia,Laihia,8.6,14.3,77.7,399,Laihia,1,399,Pohjanmaa,15,90,10,0,0,50,50,0,0,0,50,50,0,0,0,0,0,0,1,6,1,1,2,2,2,2,2,1,1,1,1,1,1,1
Laitila,Laitila,10.8,14.8,41.7,400,Laitila,1,400,Varsinais-Suomi,02,80,20,0,0,0,80,20,0,0,80,20,0,0,0,0,0,0,1,1,1,6,4,2,1,2,2,2,0,1,1,1,2,1
Lapinjärvi,Lapinjärvi,12.1,17.8,35.7,407,Lapinjärvi,1,407,Uusimaa,01,80,20,0,0,50,50,0,0,0,50,50,0,0,0,1,1,1,1,5,1,1,6,6,1,3,2,2,1,1,1,1,2,1
Lapinlahti,Lapinlahti,11.1,18.1,49.5,402,Lapinlahti,1,402,Pohjois-Savo,11,100,0,0,0,90,10,0,0,0,100,0,0,0,0,0,0,0,6,6,2,2,2,2,2,1,2,2,0,1,2,1,1,1
Kuntayhtymä Kaksineuvoinen,Kuntayhtymä Kaksineuvoinen,15,23.5,30,403,Lappajärvi,4,1025,Etelä-Pohjanmaa,16,95,5,0,0,98,2,0,0,0,90,10,0,0,0,0,0,0,6,6,5,6,3,3,1,1,1,1,2,2,1,1,2,1
EKSOTE,EKSOTE,9.6,14.9,58.9,405,Lappeenranta,2,1002,Etelä-Karjala,09,95,5,0,0,80,20,0,0,0,90,10,0,0,0,0,0,0,5,5,5,4,2,2,1,1,2,2,3,3,1,1,1,1
Lapua,Lapua,10.1,14.1,48.4,408,Lapua,1,408,Etelä-Pohjanmaa,14,10,10,70,10,5,90,5,0,0,10,90,0,0,0,0,0,1,6,6,1,1,3,4,2,2,2,2,1,1,1,1,1,1
Laukaa,Laukaa,7.4,12.4,77.8,410,Laukaa,1,410,Keski-Suomi,13,100,0,0,0,0,100,0,0,0,100,0,0,0,0,0,1,0,6,1,1,4,2,4,1,2,2,2,1,1,1,1,1,0
EKSOTE,EKSOTE,10.6,15.3,47.1,416,Lemi,2,1002,Etelä-Karjala,09,95,5,0,0,80,20,0,0,0,90,10,0,0,0,0,0,0,5,5,5,4,2,2,1,1,2,2,3,3,1,1,1,1
Lempäälä,Lempäälä,6,10.3,105.1,418,Lempäälä,1,418,Pirkanmaa,06,10,60,20,10,50,50,0,0,0,19,60,15,5,1,1,0,0,1,1,2,2,4,4,1,2,1,1,3,2,1,1,1,1
Leppävirta,Leppävirta,12.6,19.9,33.3,420,Leppävirta,1,420,Pohjois-Savo,11,98,2,0,0,70,20,8,2,0,70,30,0,0,0,1,1,1,1,6,4,4,4,4,3,3,3,2,1,1,2,2,2,0
Peruspalveluliikelaitos Jyta,Peruspalveluliikelaitos Jyta,13.2,19.3,37.1,421,Lestijärvi,3,1016,Keski-Pohjanmaa,16,95,5,0,0,20,50,30,0,0,20,50,30,0,0,0,1,0,1,6,2,6,4,4,2,1,2,2,3,3,2,1,2,1
Lieksa,Lieksa,14.7,23.5,42.4,422,Lieksa,1,422,Pohjois-Karjala,12,50,30,20,0,70,30,0,0,0,0,10,10,20,60,0,0,1,5,6,1,4,4,4,3,2,2,2,3,3,2,3,3,1
Lieto,Lieto,7.1,11.8,91.9,423,Lieto,1,423,Varsinais-Suomi,02,10,90,0,0,0,90,10,0,0,50,10,20,10,10,1,0,1,1,6,2,4,3,3,2,2,2,2,3,2,3,3,2,1
Liminka,Liminka,3.7,6.8,108.4,425,Liminka,1,425,Pohjois-Pohjanmaa,17,90,10,0,0,0,100,0,0,0,100,0,0,0,0,0,0,0,6,6,1,6,3,2,1,2,2,2,1,2,1,1,1,1
Liperi,Liperi,8,13.2,67.2,426,Liperi,1,426,Pohjois-Karjala,12,10,50,40,0,0,100,0,0,0,100,0,0,0,0,0,1,0,6,1,1,3,4,4,1,1,2,2,1,1,2,2,2,1
Lohja,Lohja,8.5,15.2,85.8,444,Lohja,1,444,Uusimaa,01,0,100,0,0,0,75,25,0,0,100,0,0,0,0,0,0,1,1,1,1,4,4,4,1,2,2,2,2,2,1,1,2,1
Loimaa,Loimaa,12.9,19.4,43.6,430,Loimaa,1,430,Varsinais-Suomi,02,0,100,0,0,65,25,10,0,0,20,60,10,10,0,0,1,0,6,1,1,6,4,4,4,1,2,2,0,0,1,1,2,1
Loppi,Loppi,9.3,15.2,67.9,433,Loppi,1,433,Kanta-Häme,05,100,0,0,0,100,0,0,0,0,100,0,0,0,0,0,0,1,1,6,2,6,4,3,1,1,1,1,3,2,2,4,1,1
Loviisa,Loviisa,11.1,18,66,434,Loviisa,1,434,Uusimaa,01,80,20,0,0,0,100,0,0,0,90,10,0,0,0,0,1,0,6,1,2,3,4,4,2,2,2,2,1,1,3,4,2,1
Luhanka,Luhanka,21,25.8,5,435,Luhanka,1,435,Keski-Suomi,13,80,10,10,0,70,30,0,0,0,70,30,0,0,0,0,0,0,2,1,4,1,3,3,1,1,1,2,3,1,1,2,2,1
Lumijoki,Lumijoki,7.5,11,53.8,436,Lumijoki,1,436,Pohjois-Pohjanmaa,17,100,0,0,0,80,10,10,0,0,80,20,0,0,0,0,0,0,1,6,1,1,3,3,1,1,1,1,0,1,1,1,1,1
Pietarsaaren seudun yta,Pietarsaaren seudun yta,5.8,9.1,86,440,Luoto,3,1042,Pohjanmaa,15,20,60,15,5,50,20,15,10,5,50,20,15,10,5,0,0,1,2,2,2,2,3,4,3,2,3,4,0,0,2,2,2,1
EKSOTE,EKSOTE,14.5,21.5,32.7,441,Luumäki,2,1002,Etelä-Karjala,09,95,5,0,0,80,20,0,0,0,90,10,0,0,0,0,0,0,5,5,5,4,2,2,1,1,2,2,3,3,1,1,1,1
Luvia,Luvia,8.8,15.9,77.2,442,Luvia,1,442,Satakunta,04,95,3,2,0,100,0,0,0,0,99,1,0,0,0,1,1,0,6,1,1,4,4,4,1,3,2,1,0,0,1,1,2,1
Maalahti,Maalahti,12.7,18,41.6,475,Maalahti,1,475,Pohjanmaa,15,100,0,0,0,80,20,0,0,0,100,0,0,0,0,0,1,1,1,1,1,4,2,1,1,1,2,3,3,3,1,1,1,1
Mustijoen perusturva,Mustijoen perusturva,6.4,11.9,103.2,505,Mäntsälä,3,1029,Uusimaa,01,0,0,100,0,100,0,0,0,0,100,0,0,0,0,0,0,0,5,1,2,3,4,4,3,1,2,2,2,2,2,2,2,0
Mänttä-Vilppulan ja Juupajoen yhteistoiminta-alue,Mänttä-Vilppula,14.3,24.2,44.4,508,Mänttä-Vilppula,3,1069,Pirkanmaa,06,80,20,0,0,0,80,20,0,0,100,0,0,0,0,0,0,0,6,6,1,4,4,4,1,1,2,2,1,1,3,3,2,1
Mäntyharju,Mäntyharju,14.4,23.1,49.6,507,Mäntyharju,1,507,Etelä-Savo,10,100,0,0,0,100,0,0,0,0,100,0,0,0,0,0,0,0,3,6,3,4,3,3,2,2,2,2,1,1,1,1,2,1
Marttila,Marttila,11.1,16.2,58.8,480,Marttila,1,480,Varsinais-Suomi,02,95,5,0,0,50,50,0,0,0,95,5,0,0,0,0,0,0,2,6,2,6,4,4,1,1,1,2,1,2,1,1,2,1
Peruspalveluky Akseli,Peruspalveluky Akseli,6.1,12,114.2,481,Masku,2,1036,Varsinais-Suomi,02,15,15,70,0,10,90,0,0,0,50,30,10,5,5,0,1,1,6,5,1,3,4,4,1,2,3,3,0,1,2,2,2,1
Kalajoen ja Merijärven yta,Kalajoen ja Merijärven yta,10.1,15,34.2,483,Merijärvi,3,1014,Pohjois-Pohjanmaa,17,100,0,0,0,80,20,0,0,0,80,20,0,0,0,0,0,0,1,6,1,1,2,2,1,1,1,1,2,2,1,2,1,1
Porin perusturvan yta,Porin perusturvan yta,16.5,21.5,15.8,484,Merikarvia,3,1045,Satakunta,04,99,1,0,0,85,15,0,0,0,10,80,5,4,1,0,0,1,6,5,1,6,4,4,2,2,2,3,3,3,1,1,1,1
Kaakon kaksikko,Kaakon kaksikko,16.1,22.6,23.6,489,Miehikkälä,3,1012,Kymenlaakso,08,100,0,0,0,95,5,0,0,0,95,5,0,0,0,0,0,0,6,6,1,6,2,1,1,1,1,2,0,0,1,1,3,1
"Mikkeli (isäntäkunta), Hirvensalmi ja Puumala","Mikkeli (isäntäkunta), Hirvensalmi ja Puumala",10.4,16.8,61.2,491,Mikkeli,3,2004,Etelä-Savo,10,100,0,0,0,80,20,0,0,0,100,0,0,0,0,0,0,0,6,6,2,2,3,3,1,1,2,2,1,1,1,1,2,1
Muhos,Muhos,7.3,11.5,55.6,494,Muhos,1,494,Pohjois-Pohjanmaa,17,75,20,5,0,75,25,0,0,0,75,25,0,0,0,0,0,1,5,6,2,4,2,2,1,2,2,2,0,1,1,1,2,1
Multia,Multia,17.2,23.7,12.9,495,Multia,1,495,Keski-Suomi,13,90,10,0,0,10,80,10,0,0,10,90,0,0,0,0,0,0,1,6,5,1,3,1,1,1,2,1,0,1,1,1,1,1
Muonio,Muonio,10.1,16.3,61.6,498,Muonio,1,498,Lappi,19,90,10,0,0,10,50,40,0,0,60,20,20,0,0,0,0,1,1,6,5,4,4,3,1,1,2,2,3,3,1,1,2,1
Mustasaari,Mustasaari,9,13.8,70.8,499,Mustasaari,1,499,Pohjanmaa,15,78,22,0,0,94,6,0,0,0,98,2,0,0,0,0,0,1,3,6,4,2,4,4,2,2,2,2,3,3,2,4,2,1
Muurame,Muurame,5.8,11.6,121.3,500,Muurame,1,500,Keski-Suomi,13,99,1,0,0,99,1,0,0,0,100,0,0,0,0,0,0,0,4,6,3,1,4,4,1,2,3,2,0,1,2,1,2,1
Peruspalveluky Akseli,Peruspalveluky Akseli,10.4,17.2,58.4,503,Mynämäki,2,1036,Varsinais-Suomi,02,15,15,70,0,10,90,0,0,0,50,30,10,5,5,0,1,1,6,5,1,3,4,4,1,2,3,3,0,1,2,2,2,1
PHSOTEY/Aava,PHSOTEY/Aava,11.4,16.6,48.9,504,Myrskylä,2,1041,Päijät-Häme,07,50,50,0,0,50,50,0,0,0,50,50,0,0,0,1,0,0,1,5,1,3,4,4,1,2,2,2,1,1,1,1,2,1
Naantali,Naantali,8.6,18.5,119.8,529,Naantali,1,529,Varsinais-Suomi,02,95,5,0,0,10,60,30,0,0,0,10,35,50,5,0,1,1,3,6,3,1,3,3,1,2,2,2,3,1,1,1,2,1
Nakkila,Nakkila,10.9,17.3,48.8,531,Nakkila,1,531,Satakunta,04,70,20,10,0,0,100,0,0,0,80,20,0,0,0,0,0,0,6,5,2,4,2,2,2,2,2,2,3,1,2,1,2,1
Närpiö,Närpiö,13.8,18.1,28.9,545,Närpiö,1,545,Pohjanmaa,15,5,80,15,0,0,10,10,80,0,75,25,0,0,0,0,1,1,3,2,3,2,4,4,2,2,3,3,2,3,3,2,2,0
Peruspalveluky Kallio,Peruspalveluky Kallio,9.3,14.4,50.1,535,Nivala,2,1037,Pohjois-Pohjanmaa,17,30,70,0,0,5,70,20,3,2,20,50,20,7,3,0,0,1,1,6,2,1,3,2,1,1,2,2,3,1,3,3,2,1
Nokia,Nokia,7.5,13.5,95.4,536,Nokia,1,536,Pirkanmaa,06,0,5,95,0,75,25,0,0,0,70,30,0,0,0,0,0,0,6,1,2,6,3,3,1,2,2,2,1,1,1,2,2,1
Peruspalveluky Akseli,Peruspalveluky Akseli,7,12.3,77.8,538,Nousiainen,2,1036,Varsinais-Suomi,02,15,15,70,0,10,90,0,0,0,50,30,10,5,5,0,1,1,6,5,1,3,4,4,1,2,3,3,0,1,2,2,2,1
Nurmes,Nurmes,14.8,24.1,40.1,541,Nurmes,1,541,Pohjois-Karjala,12,100,0,0,0,50,50,0,0,0,20,30,40,10,0,0,0,0,1,6,1,1,1,1,1,1,1,1,2,2,1,1,2,1
Nurmijärvi,Nurmijärvi,5.4,10.6,119.8,543,Nurmijärvi,1,543,Uusimaa,01,0,0,100,0,0,0,0,100,0,0,0,100,0,0,0,0,1,1,6,3,1,6,6,1,2,2,2,2,2,1,1,1,1
PHSOTEY/Aava,PHSOTEY/Aava,9.6,15.4,59.7,560,Orimattila,2,1041,Päijät-Häme,07,50,50,0,0,50,50,0,0,0,50,50,0,0,0,1,0,0,1,5,1,3,4,4,1,2,2,2,1,1,1,1,2,1
Oripää,Oripää,12.3,15.4,31.8,561,Oripää,1,561,Varsinais-Suomi,02,80,20,0,0,40,50,10,0,0,100,0,0,0,0,0,0,0,2,6,1,2,6,2,2,2,2,2,0,1,2,2,1,1
Tampereen ja Oriveden yta,Tampereen ja Oriveden yta,12.5,19.3,57.5,562,Orivesi,3,1064,Pirkanmaa,06,80,20,0,0,100,0,0,0,0,100,0,0,0,0,0,1,1,2,1,1,1,1,1,1,1,1,2,1,1,1,1,1,1
Oulainen,Oulainen,10.9,18.7,58.4,563,Oulainen,1,563,Pohjois-Pohjanmaa,17,70,20,10,0,50,50,0,0,0,50,40,10,0,0,0,0,1,6,6,2,1,4,4,1,2,2,2,1,1,2,1,1,1
Oulu,Oulu,5.9,10.3,101.1,564,Oulu,1,564,Pohjois-Pohjanmaa,17,30,70,0,0,40,50,10,0,0,75,10,0,15,0,0,0,0,6,5,1,2,4,4,1,1,1,1,3,1,2,2,1,1
"Joensuun, Kontiolahden ja Outokummun yta-alue","Joensuun, Kontiolahden ja Outokummun yta-alue",12.2,19.8,43.1,309,Outokumpu,3,1066,Pohjois-Karjala,12,20,50,30,0,50,50,0,0,0,80,10,10,0,0,0,0,0,5,6,1,2,4,4,1,2,2,2,2,2,1,1,1,1
Peruspalvelukeskus Oiva,Peruspalvelukeskus Oiva,16.1,27.3,45.7,576,Padasjoki,3,1035,Päijät-Häme,07,80,20,0,0,100,0,0,0,0,100,0,0,0,0,0,1,1,5,5,1,4,4,4,4,1,1,2,1,1,2,3,3,1
Paimio,Paimio,7.8,13.8,88.5,577,Paimio,1,577,Varsinais-Suomi,02,10,90,0,0,0,100,0,0,0,0,0,0,100,0,0,1,0,1,1,3,1,2,2,2,1,1,1,2,2,1,1,2,1
Kangasalan ja Pälkäneen yta,Kangasalan ja Pälkäneen yta,12.3,20.1,52.3,635,Pälkäne,2,1063,Pirkanmaa,06,100,0,0,0,100,0,0,0,0,100,0,0,0,0,0,1,0,6,5,2,4,4,3,1,2,2,2,2,1,4,4,2,1
Kainuun sosiaali- ja terveydenhuollon kuntayhtymä,Kainuun sosiaali- ja terveydenhuollon kuntayhtymä,13.2,23.1,45.2,578,Paltamo,2,1013,Kainuu,18,100,0,0,0,20,60,10,10,0,0,60,20,20,0,0,0,0,6,6,1,4,4,4,1,2,2,2,1,1,1,1,2,1
Parainen,Parainen,10.5,17.5,67.6,445,Parainen,1,445,Varsinais-Suomi,02,50,50,0,0,80,20,0,0,0,50,50,0,0,0,0,0,0,1,6,2,1,4,4,3,2,2,2,2,3,1,1,3,1
EKSOTE,EKSOTE,16.6,26.4,31,580,Parikkala,2,1002,Etelä-Karjala,09,95,5,0,0,80,20,0,0,0,90,10,0,0,0,0,0,0,5,5,5,4,2,2,1,1,2,2,3,3,1,1,1,1
Parkanon ja Kihniön sote yhteistoiminta-alue sis. Parkano ja Kihniö,Parkano,12.4,21.1,55.4,581,Parkano,,1068,Pirkanmaa,06,60,30,6,4,10,55,25,10,0,10,70,20,0,0,0,0,0,1,6,1,4,4,4,1,2,2,2,1,2,2,2,2,1
Pietarsaaren seudun yta,Pietarsaaren seudun yta,7.1,11.8,76.9,599,Pedersören kunta,3,1042,Pohjanmaa,15,20,60,15,5,50,20,15,10,5,50,20,15,10,5,0,0,1,2,2,2,2,3,4,3,2,3,4,0,0,2,2,2,1
Pelkosenniemi,Pelkosenniemi,13,23.6,60.8,583,Pelkosenniemi,1,583,Lappi,19,90,8,2,0,100,0,0,0,0,70,30,0,0,0,0,0,0,1,6,1,6,6,6,2,1,1,1,3,3,2,2,2,1
Pello,Pello,16.4,27.5,35.8,854,Pello,1,854,Lappi,19,40,40,20,0,80,20,0,0,0,80,20,0,0,0,0,0,0,1,6,1,1,6,6,1,1,1,2,1,2,2,2,2,1
Peruspalveluliikelaitos Jyta,Peruspalveluliikelaitos Jyta,9,15.1,48.3,584,Perho,3,1016,Keski-Pohjanmaa,16,95,5,0,0,20,50,30,0,0,20,50,30,0,0,0,1,0,1,6,2,6,4,4,2,1,2,2,3,3,2,1,2,1
Pertunmaa,Pertunmaa,15.9,23,26,588,Pertunmaa,1,588,Etelä-Savo,10,20,50,30,0,0,80,15,5,0,100,0,0,0,0,0,0,1,6,6,1,1,4,2,1,1,2,2,1,1,1,1,2,1
Petäjävesi,Petäjävesi,9.5,13.9,51.8,592,Petäjävesi,1,592,Keski-Suomi,13,95,5,0,0,95,5,0,0,0,95,5,0,0,0,0,1,0,1,6,1,2,4,3,1,1,1,1,1,1,1,1,2,1
Pieksämäki,Pieksämäki,-1,-1,-1,593,Pieksämäki,-1,-1,Etelä-Savo,10,-1,-1,-1,-1,-1,-1,-1,-1,-1,-1,-1,-1,-1,-1,-1,-1,-1,-1,-1,-1,-1,-1,-1,-1,-1,-1,-1,-1,-1,-1,-1,-1,-1
Pielavesi,Pielavesi,15.5,23.1,26.7,595,Pielavesi,1,595,Pohjois-Savo,11,25,25,50,0,35,50,15,0,0,40,50,10,0,0,0,0,1,2,6,2,4,3,3,1,1,2,2,0,1,1,1,2,0
Pietarsaaren seudun yta,Pietarsaaren seudun yta,11.3,16.1,42.6,598,Pietarsaari,3,1042,Pohjanmaa,15,20,60,15,5,50,20,15,10,5,50,20,15,10,5,0,0,1,2,2,2,2,3,4,3,2,3,4,0,0,2,2,2,1
Viitasaari ja Pihtipudas,Viitasaari ja Pihtipudas,13.1,20.6,22.7,601,Pihtipudas,3,2008,Keski-Suomi,13,100,0,0,0,50,30,20,0,0,100,0,0,0,0,0,0,0,1,6,1,1,3,2,1,1,2,1,1,2,1,2,2,1
Pirkkalan yta-alue,Pirkkalan yta-alue,5.9,12,160.5,604,Pirkkala,3,1043,Pirkanmaa,06,70,30,0,0,10,90,0,0,0,10,75,10,5,0,0,0,0,6,5,1,3,3,3,1,1,2,2,1,2,1,2,2,1
Polvijärvi,Polvijärvi,11.6,19.7,55.1,607,Polvijärvi,1,607,Pohjois-Karjala,12,90,10,0,0,0,100,0,0,0,0,100,0,0,0,0,1,1,1,1,1,2,3,3,1,2,2,2,3,3,2,2,1,1
Peruspalveluliikelaitos-ky POSA,Peruspalveluliikelaitos-ky POSA,13.8,18,9,608,Pomarkku,2,1039,Satakunta,04,70,30,0,0,50,50,0,0,0,100,0,0,0,0,0,0,0,6,5,3,3,3,3,2,1,2,3,1,1,1,1,3,1
Porin perusturvan yta,Porin perusturvan yta,10.7,15.9,50.2,609,Pori,3,1045,Satakunta,04,99,1,0,0,85,15,0,0,0,10,80,5,4,1,0,0,1,6,5,1,6,4,4,2,2,2,3,3,3,1,1,1,1
Mustijoen perusturva,Mustijoen perusturva,4.9,10,116.6,611,Pornainen,3,1029,Uusimaa,01,0,0,100,0,100,0,0,0,0,100,0,0,0,0,0,0,0,5,1,2,3,4,4,3,1,2,2,2,2,2,2,2,0
Porvoo,Porvoo,7.5,13.6,91.9,638,Porvoo,1,638,Uusimaa,01,50,50,0,0,30,60,10,0,0,50,30,20,0,0,0,0,0,1,1,1,1,4,4,1,2,2,2,2,2,1,1,1,1
Posio,Posio,13.9,26.5,60.3,614,Posio,1,614,Lappi,19,10,70,10,10,0,20,30,50,0,0,20,30,50,0,1,0,1,2,6,2,3,4,4,1,2,2,2,1,1,2,1,3,1
Pöytyä,Pöytyä,10.5,15.5,56.6,636,Pöytyä,1,636,Varsinais-Suomi,02,80,15,5,0,0,0,100,0,0,80,20,0,0,0,0,0,0,6,6,1,2,3,3,2,1,1,1,1,1,1,1,1,1
Oulunkaaren ky,Oulunkaaren ky,13.3,20.2,30.3,615,Pudasjärvi,2,1031,Pohjois-Pohjanmaa,17,80,20,0,0,15,80,3,2,0,98,2,0,0,0,0,1,1,1,6,2,3,4,3,1,2,1,1,2,3,1,1,1,1
PHSOTEY/Aava,PHSOTEY/Aava,8.7,13.6,67.8,616,Pukkila,2,1041,Päijät-Häme,07,50,50,0,0,50,50,0,0,0,50,50,0,0,0,1,0,0,1,5,1,3,4,4,1,2,2,2,1,1,1,1,2,1
Sastamalan seudun yhteistoiminta-alue,Sastamalan seudun yhteistoiminta-alue,16.2,20.4,12,619,Punkalaidun,3,1051,Pirkanmaa,06,90,10,0,0,0,100,0,0,0,90,0,10,0,0,0,0,0,6,6,1,1,2,2,1,1,1,1,1,1,1,1,1,1
Puolanka,Puolanka,15.1,25.3,34.6,620,Puolanka,1,620,Kainuu,18,100,0,0,0,40,30,20,10,0,50,40,10,0,0,0,0,0,6,6,2,2,3,3,2,1,2,2,3,2,2,2,1,0
"Mikkeli (isäntäkunta), Hirvensalmi ja Puumala","Mikkeli (isäntäkunta), Hirvensalmi ja Puumala",15.8,29.1,47.6,623,Puumala,3,2004,Etelä-Savo,10,100,0,0,0,80,20,0,0,0,100,0,0,0,0,0,0,0,6,6,2,2,3,3,1,1,2,2,1,1,1,1,2,1
Peruspalveluky Selänne,Peruspalveluky Selänne,14.3,22.2,27.1,626,Pyhäjärvi,2,1038,Pohjois-Pohjanmaa,17,95,5,0,0,80,20,0,0,0,100,0,0,0,0,0,0,0,6,6,1,6,3,4,1,1,2,2,1,1,1,1,1,1
Raahen seudun hyvinvointi-ky,Raahen seudun hyvinvointi-ky,11.6,19.4,59.3,625,Pyhäjoki,2,1047,Pohjois-Pohjanmaa,17,90,10,0,0,80,20,0,0,0,100,0,0,0,0,0,0,1,6,6,1,1,2,2,1,1,1,2,3,3,1,1,2,1
Pyhäntä,Pyhäntä,8.9,18.1,78.2,630,Pyhäntä,1,630,Pohjois-Pohjanmaa,17,10,90,0,0,100,0,0,0,0,10,90,0,0,0,0,0,1,6,1,1,1,3,2,1,1,2,3,0,1,1,2,1,0
Pyhäranta,Pyhäranta,11.1,18.3,43.9,631,Pyhäranta,1,631,Varsinais-Suomi,02,50,30,15,5,30,50,20,0,0,30,50,10,10,0,0,0,0,3,6,1,4,2,2,1,2,2,3,2,0,4,4,3,1
Pyhtää,Pyhtää,-1,-1,-1,624,Pyhtää,-1,-1,Kymenlaakso,08,-1,-1,-1,-1,-1,-1,-1,-1,-1,-1,-1,-1,-1,-1,-1,-1,-1,-1,-1,-1,-1,-1,-1,-1,-1,-1,-1,-1,-1,-1,-1,-1,-1
Raahen seudun hyvinvointi-ky,Raahen seudun hyvinvointi-ky,8.2,17,98.5,678,Raahe,2,1047,Pohjois-Pohjanmaa,17,90,10,0,0,80,20,0,0,0,100,0,0,0,0,0,0,1,6,6,1,1,2,2,1,1,1,2,3,3,1,1,2,1
Rääkkylä,Rääkkylä,15.5,26.4,52.1,707,Rääkkylä,1,707,Pohjois-Karjala,12,100,0,0,0,0,100,0,0,0,100,0,0,0,0,0,0,0,1,6,1,1,3,1,1,1,2,2,1,1,2,1,2,1
Raasepori,Raasepori,11,17.3,55.9,710,Raasepori,1,710,Uusimaa,01,100,0,0,0,0,100,0,0,0,60,20,10,5,5,0,0,1,6,1,1,6,2,2,1,1,2,2,2,2,1,1,1,1
Raision ja Ruskon yta,Raision ja Ruskon yta,9.2,15.2,69.3,680,Raisio,3,1048,Varsinais-Suomi,02,99,1,0,0,90,10,0,0,0,70,30,0,0,0,0,1,0,6,6,1,4,3,3,2,1,2,2,1,1,1,1,1,1
Rantasalmi,Juva ja Rantasalmi,14.7,22.6,31.9,681,Rantasalmi,1,681,Etelä-Savo,10,100,0,0,0,100,0,0,0,0,100,0,0,0,0,0,0,1,1,6,2,2,2,2,5,2,2,2,0,2,2,2,3,1
Ranua,Ranua,11.1,18.3,41.9,683,Ranua,1,683,Lappi,19,100,0,0,0,100,0,0,0,0,100,0,0,0,0,0,1,1,1,1,1,1,1,1,1,2,2,2,0,1,4,4,2,1
Rauma,Rauma,10.4,16.2,57.8,684,Rauma,1,684,Satakunta,04,100,0,0,0,0,100,0,0,0,100,0,0,0,0,0,1,0,6,1,2,3,4,4,3,2,2,2,3,3,1,1,1,1
Rautalampi,Rautalampi,14.8,22.6,38,686,Rautalampi,1,686,Pohjois-Savo,11,90,9,1,0,75,20,5,0,0,90,10,0,0,0,0,0,0,1,6,1,6,6,3,1,1,1,1,1,3,1,1,1,1
Rautavaara,Rautavaara,17.8,23.2,5.5,687,Rautavaara,1,687,Pohjois-Savo,11,80,10,10,0,80,10,10,0,0,80,10,10,0,0,0,1,0,4,6,3,3,4,3,3,2,2,3,0,0,1,1,3,1
EKSOTE,EKSOTE,16.1,25.1,23.5,689,Rautjärvi,2,1002,Etelä-Karjala,09,95,5,0,0,80,20,0,0,0,90,10,0,0,0,0,0,0,5,5,5,4,2,2,1,1,2,2,3,3,1,1,1,1
Peruspalveluky Selänne,Peruspalveluky Selänne,11.1,17.2,37.1,691,Reisjärvi,2,1038,Pohjois-Pohjanmaa,17,95,5,0,0,80,20,0,0,0,100,0,0,0,0,0,0,0,6,6,1,6,3,4,1,1,2,2,1,1,1,1,1,1
Riihimäki,Riihimäki,8.3,13.9,77.2,694,Riihimäki,1,694,Kanta-Häme,05,90,8,2,0,90,5,5,0,0,95,4,1,0,0,0,0,1,6,1,2,6,4,4,2,1,2,2,0,1,3,4,3,1
Kainuun sosiaali- ja terveydenhuollon kuntayhtymä,Kainuun sosiaali- ja terveydenhuollon kuntayhtymä,17.9,24.8,23.6,697,Ristijärvi,2,1013,Kainuu,18,100,0,0,0,20,60,10,10,0,0,60,20,20,0,0,0,0,6,6,1,4,4,4,1,2,2,2,1,1,1,1,2,1
Rovaniemi,Rovaniemi,7.8,12.4,68.3,698,Rovaniemi,1,698,Lappi,19,60,40,0,0,60,40,0,0,0,10,50,20,15,5,0,0,1,6,6,1,3,4,4,1,1,2,2,3,1,1,1,3,1
EKSOTE,EKSOTE,15.2,23.1,27.9,700,Ruokolahti,2,1002,Etelä-Karjala,09,95,5,0,0,80,20,0,0,0,90,10,0,0,0,0,0,0,5,5,5,4,2,2,1,1,2,2,3,3,1,1,1,1
Virrat - Ruovesi yta-alue,Virrat - Ruovesi yta-alue,16,23.1,20.5,702,Ruovesi,3,1061,Pirkanmaa,06,30,50,20,0,20,20,50,10,0,5,20,30,25,20,1,0,1,3,2,4,2,2,3,2,3,3,3,2,2,2,1,3,1
Raision ja Ruskon yta,Raision ja Ruskon yta,6.8,13.4,115,704,Rusko,3,1048,Varsinais-Suomi,02,99,1,0,0,90,10,0,0,0,70,30,0,0,0,0,1,0,6,6,1,4,3,3,2,1,2,2,1,1,1,1,1,1
Perusturvaliikelaitos Saarikka,Perusturvaliikelaitos Saarikka,13.5,21,33.7,729,Saarijärvi,2,1050,Keski-Suomi,13,70,30,0,0,70,30,0,0,0,50,10,20,10,10,0,1,0,3,6,1,1,4,4,1,1,1,2,2,1,1,1,2,1
Säkylä,Säkylä,12.1,20.7,54.5,783,Säkylä,1,783,Satakunta,04,60,40,0,0,100,0,0,0,0,100,0,0,0,0,0,0,0,6,6,1,4,1,1,1,4,4,4,0,1,2,1,2,0
Salla,Salla,18,26.5,12.7,732,Salla,1,732,Lappi,19,10,80,10,0,5,20,70,5,0,10,15,70,5,0,0,0,1,3,2,2,2,4,4,1,1,2,2,0,0,2,1,3,1
Salo,Salo,10.4,17.9,64.7,734,Salo,1,734,Varsinais-Suomi,02,95,5,0,0,95,5,0,0,0,95,5,0,0,0,0,0,1,1,5,4,2,4,3,1,2,1,2,1,3,1,1,2,1
Sastamalan seudun yhteistoiminta-alue,Sastamalan seudun yhteistoiminta-alue,12.1,18,44.1,790,Sastamala,3,1051,Pirkanmaa,06,90,10,0,0,0,100,0,0,0,90,0,10,0,0,0,0,0,6,6,1,1,2,2,1,1,1,1,1,1,1,1,1,1
Sauvo,Sauvo,8.9,17.1,90.3,738,Sauvo,1,738,Varsinais-Suomi,02,60,40,0,0,0,80,20,0,0,80,20,0,0,0,0,1,0,6,6,5,4,4,4,1,2,3,3,0,0,2,2,2,1
EKSOTE,EKSOTE,18.9,25.8,14.2,739,Savitaipale,2,1002,Etelä-Karjala,09,95,5,0,0,80,20,0,0,0,90,10,0,0,0,0,0,0,5,5,5,4,2,2,1,1,2,2,3,3,1,1,1,1
Itä-Savon sairaanhoitopiirin ky,Savonlinna,12.4,20.2,50,740,Savonlinna,2,1070,Etelä-Savo,10,0,100,0,0,0,100,0,0,0,0,0,0,100,0,0,0,0,6,1,2,6,4,4,1,1,2,2,1,1,2,1,3,1
Savukoski,Savukoski,13.4,23.8,59.2,742,Savukoski,1,742,Lappi,19,10,90,0,0,0,50,30,20,0,30,60,10,0,0,0,0,0,1,6,1,1,3,3,1,2,2,2,0,0,2,3,2,1
Seinäjoki,Seinäjoki,7.7,12.3,82.9,743,Seinäjoki,1,743,Etelä-Pohjanmaa,14,100,0,0,0,100,0,0,0,0,0,100,0,0,0,0,0,1,1,6,1,4,3,3,2,2,2,2,1,1,2,2,1,0
Peruspalveluky Kallio,Peruspalveluky Kallio,7.8,12.8,49.9,746,Sievi,2,1037,Pohjois-Pohjanmaa,17,30,70,0,0,5,70,20,3,2,20,50,20,7,3,0,0,1,1,6,2,1,3,2,1,1,2,2,3,1,3,3,2,1
Peruspalveluliikelaitos-ky POSA,Peruspalveluliikelaitos-ky POSA,16.1,23.3,34.1,747,Siikainen,2,1039,Satakunta,04,70,30,0,0,50,50,0,0,0,100,0,0,0,0,0,0,0,6,5,3,3,3,3,2,1,2,3,1,1,1,1,3,1
Raahen seudun hyvinvointi-ky,Raahen seudun hyvinvointi-ky,8.1,14,60,748,Siikajoki,2,1047,Pohjois-Pohjanmaa,17,90,10,0,0,80,20,0,0,0,100,0,0,0,0,0,0,1,6,6,1,1,2,2,1,1,1,2,3,3,1,1,2,1
Haapavesi (isäntäkunta) ja Siikalatva,Sosiaali- ja terveyspiiri Helmi,14.1,20.4,20.9,791,Siikalatva,3,2006,Pohjois-Pohjanmaa,17,90,10,0,0,0,90,10,0,0,0,0,0,100,0,0,0,0,6,5,5,4,2,3,1,1,2,2,3,3,1,1,2,1
Siilinjärvi,Siilinjärvi,7.1,12.9,90.7,749,Siilinjärvi,1,749,Pohjois-Savo,11,15,80,5,0,100,0,0,0,0,100,0,0,0,0,0,0,1,6,6,2,6,3,3,2,1,1,1,1,3,1,2,2,1
Oulunkaaren ky,Oulunkaaren ky,11.4,21.9,67.6,751,Simo,2,1031,Pohjois-Pohjanmaa,17,80,20,0,0,15,80,3,2,0,98,2,0,0,0,0,1,1,1,6,2,3,4,3,1,2,1,1,2,3,1,1,1,1
Sipoo,Sipoo,6.8,10.5,71.6,753,Sipoo,1,753,Uusimaa,01,95,5,0,0,100,0,0,0,0,95,5,0,0,0,0,1,1,6,1,1,1,4,4,1,2,2,2,2,2,3,3,2,1
Siuntio,Siuntio,5.2,12.3,158,755,Siuntio,1,755,Uusimaa,01,100,0,0,0,20,0,0,80,0,20,0,0,80,0,0,0,0,1,6,2,6,1,1,1,1,2,2,2,3,1,1,1,1
Sodankylä,Sodankylä,10.9,17.2,58.4,758,Sodankylä,1,758,Lappi,19,10,10,50,30,30,60,10,0,0,40,50,10,0,0,0,1,1,4,6,1,1,4,4,3,2,2,2,1,1,2,2,3,1
Järvi-Pohjanmaan yta,Järvi-Pohjanmaan yta,13.8,18.4,16.6,759,Soini,3,1011,Etelä-Pohjanmaa,14,30,50,10,10,10,80,10,0,0,10,60,20,10,0,0,1,1,1,6,5,1,3,2,1,1,1,2,3,3,1,1,2,1
Somero,Somero,14.5,20.9,36.9,761,Somero,1,761,Varsinais-Suomi,02,100,0,0,0,90,5,5,0,0,90,4,3,3,0,0,1,1,5,6,1,2,2,2,2,1,2,2,2,3,1,1,3,1
Ylä-Savon sote-ky,Ylä-Savon sote-ky,13.6,22.6,36.5,762,Sonkajärvi,2,1062,Pohjois-Savo,11,100,0,0,0,50,45,5,0,0,77,23,0,0,0,0,1,0,6,1,1,1,1,1,1,1,2,2,1,1,2,2,2,1
Kainuun sosiaali- ja terveydenhuollon kuntayhtymä,Kainuun sosiaali- ja terveydenhuollon kuntayhtymä,10.7,16.9,53.7,765,Sotkamo,2,1013,Kainuu,18,100,0,0,0,20,60,10,10,0,0,60,20,20,0,0,0,0,6,6,1,4,4,4,1,2,2,2,1,1,1,1,2,1
Sulkava,Sulkava,17,24.4,22.7,768,Sulkava,1,768,Etelä-Savo,10,10,70,20,0,50,30,10,0,10,50,30,20,0,0,1,0,1,4,6,3,3,4,4,2,2,3,3,3,3,1,1,2,0
Kainuun sosiaali- ja terveydenhuollon kuntayhtymä,Kainuun sosiaali- ja terveydenhuollon kuntayhtymä,14.5,25.1,35.8,777,Suomussalmi,2,1013,Kainuu,18,100,0,0,0,20,60,10,10,0,0,60,20,20,0,0,0,0,6,6,1,4,4,4,1,2,2,2,1,1,1,1,2,1
Suonenjoki,Suonenjoki,13.6,19.8,39.4,778,Suonenjoki,1,778,Pohjois-Savo,11,80,20,0,0,70,20,10,0,0,80,20,0,0,0,0,1,1,3,1,1,2,4,4,2,1,2,2,3,3,2,1,2,0
PHSOTEY/Aava,PHSOTEY/Aava,18.4,26.8,25.5,781,Sysmä,2,1041,Päijät-Häme,07,50,50,0,0,50,50,0,0,0,50,50,0,0,0,1,0,0,1,5,1,3,4,4,1,2,2,2,1,1,1,1,2,1
EKSOTE,EKSOTE,8.8,17.3,89.6,831,Taipalsaari,2,1002,Etelä-Karjala,09,95,5,0,0,80,20,0,0,0,90,10,0,0,0,0,0,0,5,5,5,4,2,2,1,1,2,2,3,3,1,1,1,1
Taivalkoski,Taivalkoski,11,20.6,57.2,832,Taivalkoski,1,832,Pohjois-Pohjanmaa,17,80,20,0,0,40,60,0,0,0,40,40,20,0,0,0,0,1,1,6,2,2,1,1,1,1,1,1,1,1,1,2,2,1
Taivassalo,Taivassalo,14.8,21.4,39.4,833,Taivassalo,1,833,Varsinais-Suomi,02,30,70,0,0,100,0,0,0,0,100,0,0,0,0,0,0,1,1,1,1,2,3,4,1,2,2,2,0,3,1,1,2,1
Forssan Seudun Hyvinvointikuntayhtymä,Forssan seudun hyvinvointikuntayhtymä,11,17.5,49.1,834,Tammela,2,1065,Kanta-Häme,05,80,20,0,0,100,0,0,0,0,0,100,0,0,0,1,0,0,6,6,2,6,4,4,1,3,2,2,0,1,2,1,2,1
Tampereen ja Oriveden yta,Tampereen ja Oriveden yta,8.1,11.8,63.2,837,Tampere,3,1064,Pirkanmaa,06,80,20,0,0,100,0,0,0,0,100,0,0,0,0,0,1,1,2,1,1,1,1,1,1,1,1,2,1,1,1,1,1,1
Tervo,Tervo,16,23.9,29.1,844,Tervo,1,844,Pohjois-Savo,11,0,100,0,0,50,30,20,0,0,100,0,0,0,0,0,0,0,1,6,1,4,4,4,2,2,2,2,1,1,1,2,2,1
Tervola,Tervola,14.4,18.9,17.4,845,Tervola,1,845,Lappi,19,20,30,50,0,0,100,0,0,0,80,20,0,0,0,1,0,1,2,2,2,2,3,2,2,2,2,2,2,2,4,4,2,1
Suupohjan peruspalveluliikelaitos-ky,Suupohjan peruspalveluliikelaitos-ky,15.1,22.5,23.2,846,Teuva,2,1055,Etelä-Pohjanmaa,14,100,0,0,0,0,100,0,0,0,50,50,0,0,0,0,1,0,6,6,5,1,4,4,1,2,1,1,3,3,1,1,1,1
Tohmajärvi,Tohmajärvi,12.3,20,41,848,Tohmajärvi,1,848,Pohjois-Karjala,12,100,0,0,0,100,0,0,0,0,100,0,0,0,0,0,0,0,1,6,1,3,3,3,1,1,1,1,3,2,1,1,1,1
Peruspalveluliikelaitos Jyta,Peruspalveluliikelaitos Jyta,11,17,43,849,Toholampi,3,1016,Keski-Pohjanmaa,16,95,5,0,0,20,50,30,0,0,20,50,30,0,0,0,1,0,1,6,2,6,4,4,2,1,2,2,3,3,2,1,2,1
Toivakka,Toivakka,10.7,16.4,63.6,850,Toivakka,1,850,Keski-Suomi,13,100,0,0,0,0,100,0,0,0,100,0,0,0,0,0,0,0,4,5,1,4,3,3,2,1,1,1,1,1,1,1,2,1
Tornio,Tornio,8.1,15.5,87.4,851,Tornio,1,851,Lappi,19,30,40,30,0,80,20,0,0,0,50,50,0,0,0,0,0,0,5,1,3,3,3,3,2,2,2,2,1,1,1,1,2,1
Turku,Turku,8.9,12.8,54.6,853,Turku,1,853,Varsinais-Suomi,02,85,15,0,0,80,20,0,0,0,70,20,10,0,0,0,1,1,2,5,2,6,3,3,1,2,2,2,0,1,1,1,2,0
Tuusniemi,Tuusniemi,14.3,23.5,52.2,857,Tuusniemi,1,857,Pohjois-Savo,11,80,10,9,1,0,100,0,0,0,90,10,0,0,0,0,0,1,1,6,2,6,4,4,1,2,2,2,0,2,4,4,3,1
Tuusula,Tuusula,5.5,11.6,133.3,858,Tuusula,1,858,Uusimaa,01,25,50,25,0,25,69,5,0,1,9,25,40,25,1,0,0,1,1,6,4,3,3,3,2,2,2,2,3,3,2,1,2,1
Tyrnävä,Tyrnävä,5.3,8.3,68.6,859,Tyrnävä,1,859,Pohjois-Pohjanmaa,17,50,30,20,0,15,85,0,0,0,60,40,0,0,0,0,1,0,6,1,1,1,4,3,1,1,2,2,1,1,1,1,2,1
Porin perusturvan yta,Porin perusturvan yta,9.8,16.6,54.6,886,Ulvila,3,1045,Satakunta,04,99,1,0,0,85,15,0,0,0,10,80,5,4,1,0,0,1,6,5,1,6,4,4,2,2,2,3,3,3,1,1,1,1
Akaan ja Urjalan yta,Akaan ja Urjalan yta,13.9,20.9,26.8,887,Urjala,3,1001,Pirkanmaa,06,0,10,70,20,50,50,0,0,0,0,10,10,60,20,1,1,1,1,5,1,5,4,4,1,3,2,2,1,0,4,4,2,1
Oulunkaaren ky,Oulunkaaren ky,12.6,19.7,42.1,889,Utajärvi,2,1031,Pohjois-Pohjanmaa,17,80,20,0,0,15,80,3,2,0,98,2,0,0,0,0,1,1,1,6,2,3,4,3,1,2,1,1,2,3,1,1,1,1
Utsjoki,Utsjoki,11.2,19.7,67.9,890,Utsjoki,1,890,Lappi,19,10,50,30,10,100,0,0,0,0,100,0,0,0,0,1,0,1,3,6,2,2,6,2,2,2,1,1,2,1,1,2,2,0
Uurainen,Uurainen,6.9,11.3,79.1,892,Uurainen,1,892,Keski-Suomi,13,90,10,0,0,30,70,0,0,0,60,40,0,0,0,1,0,0,6,1,1,6,3,3,1,3,2,2,1,1,1,1,2,1
Pietarsaaren seudun yta,Pietarsaaren seudun yta,10.7,15.7,49.5,893,Uusikaarlepyy,3,1042,Pohjanmaa,15,20,60,15,5,50,20,15,10,5,50,20,15,10,5,0,0,1,2,2,2,2,3,4,3,2,3,4,0,0,2,2,2,1
Uusikaupunki,Uusikaupunki,10.9,20.9,82.9,895,Uusikaupunki,1,895,Varsinais-Suomi,02,95,5,0,0,40,60,0,0,0,95,5,0,0,0,0,0,0,6,2,2,2,3,3,2,2,2,2,1,1,1,3,2,1
Oulunkaaren ky,Oulunkaaren ky,14.8,24.4,36.9,785,Vaala,2,1031,Pohjois-Pohjanmaa,17,80,20,0,0,15,80,3,2,0,98,2,0,0,0,0,1,1,1,6,2,3,4,3,1,2,1,1,2,3,1,1,1,1
Vaasa,Vaasa,8.5,11.7,52.2,905,Vaasa,1,905,Pohjanmaa,15,70,30,0,0,20,80,0,0,0,0,10,10,80,0,0,1,0,5,6,1,6,4,4,1,3,2,1,1,1,1,1,3,1
Valkeakoski,Valkeakoski,10.1,15.8,62.3,908,Valkeakoski,1,908,Pirkanmaa,06,60,40,0,0,0,100,0,0,0,60,40,0,0,0,0,1,0,1,6,1,2,4,4,1,1,2,2,0,0,1,1,1,1
Valtimo,Valtimo,15.1,22.9,35.4,911,Valtimo,1,911,Pohjois-Karjala,12,15,65,20,0,100,0,0,0,0,45,55,0,0,0,0,0,0,5,6,1,1,2,2,1,1,1,1,0,1,2,2,2,0
Vantaa,Vantaa,5.4,10.1,113.8,092,Vantaa,1,092,Uusimaa,01,100,0,0,0,50,50,0,0,0,50,50,0,0,0,0,0,0,6,5,2,2,3,3,1,2,2,2,2,2,1,1,2,1
Varkauden ja Joroisen yta-alue,Varkauden ja Joroisen yta-alue,11.9,20.5,51.5,915,Varkaus,3,1059,Pohjois-Savo,11,79,18,2,1,79,18,1,1,1,80,18,2,0,0,0,1,1,6,6,3,3,4,4,2,2,1,2,1,1,1,1,2,1
Vehmaa,Vehmaa,12.5,19.8,57.4,918,Vehmaa,1,918,Varsinais-Suomi,02,10,80,9,1,70,15,5,5,5,90,7,1,1,1,0,1,1,1,6,5,4,2,1,1,2,1,2,0,0,1,1,3,1
Vesanto,Vesanto,17.4,24.4,20.2,921,Vesanto,1,921,Pohjois-Savo,11,90,10,0,0,20,75,5,0,0,100,0,0,0,0,0,0,0,1,6,1,3,1,3,1,2,1,1,2,0,1,1,1,1
Pirkkalan yta-alue,Pirkkalan yta-alue,8,11.4,51.8,922,Vesilahti,3,1043,Pirkanmaa,06,70,30,0,0,10,90,0,0,0,10,75,10,5,0,0,0,0,6,5,1,3,3,3,1,1,2,2,1,2,1,2,2,1
Peruspalveluliikelaitos Jyta,Peruspalveluliikelaitos Jyta,12.7,19.7,39.7,924,Veteli,3,1016,Keski-Pohjanmaa,16,95,5,0,0,20,50,30,0,0,20,50,30,0,0,0,1,0,1,6,2,6,4,4,2,1,2,2,3,3,2,1,2,1
Ylä-Savon sote-ky,Ylä-Savon sote-ky,11.3,15.6,28.4,925,Vieremä,2,1062,Pohjois-Savo,11,100,0,0,0,50,45,5,0,0,77,23,0,0,0,0,1,0,6,1,1,1,1,1,1,1,2,2,1,1,2,2,2,1
Perusturva-ky Karviainen,Perusturva-ky Karviainen,5.9,12,122,927,Vihti,2,1040,Uusimaa,01,100,0,0,0,80,0,20,0,0,0,50,25,25,0,0,0,1,6,6,2,6,4,4,1,1,2,2,0,1,1,1,2,1
Viitasaari ja Pihtipudas,Viitasaari ja Pihtipudas,15.2,23.9,36.1,931,Viitasaari,3,2008,Keski-Suomi,13,100,0,0,0,50,30,20,0,0,100,0,0,0,0,0,0,0,1,6,1,1,3,2,1,1,2,1,1,2,1,2,2,1
Järvi-Pohjanmaan yta,Järvi-Pohjanmaan yta,12.2,20,40.3,934,Vimpeli,3,1011,Etelä-Pohjanmaa,14,30,50,10,10,10,80,10,0,0,10,60,20,10,0,0,1,1,1,6,5,1,3,2,1,1,1,2,3,3,1,1,2,1
Kaakon kaksikko,Kaakon kaksikko,12.5,19.2,44.6,935,Virolahti,,1012,Kymenlaakso,08,100,0,0,0,95,5,0,0,0,95,5,0,0,0,0,0,0,6,6,1,6,2,1,1,1,1,2,0,0,1,1,3,1
Virrat - Ruovesi yta-alue,Virrat - Ruovesi yta-alue,15.3,24.9,39.8,936,Virrat,3,1061,Pirkanmaa,06,30,50,20,0,20,20,50,10,0,5,20,30,25,20,1,0,1,3,2,4,2,2,3,2,3,3,3,2,2,2,1,3,1
Vöyri,Vöyri,11.8,16.3,39.6,946,Vöyri,1,946,Pohjanmaa,15,100,0,0,0,95,5,0,0,0,100,0,0,0,0,0,1,0,6,1,5,1,4,4,3,3,3,3,0,0,2,1,3,0
Ylitornio,Ylitornio,17.1,24.9,15.5,976,Ylitornio,1,976,Lappi,19,100,0,0,0,100,0,0,0,0,100,0,0,0,0,0,0,1,1,6,1,4,4,4,2,1,2,2,1,1,1,2,2,1
Peruspalveluky Kallio,Peruspalveluky Kallio,7.6,11.8,81,977,Ylivieska,2,1037,Pohjois-Pohjanmaa,17,30,70,0,0,5,70,20,3,2,20,50,20,7,3,0,0,1,1,6,2,1,3,2,1,1,2,2,3,1,3,3,2,1
Ylöjärvi,Ylöjärvi,6.2,11,99.9,980,Ylöjärvi,1,980,Pirkanmaa,06,10,20,70,0,70,25,5,0,0,60,30,5,5,0,0,1,0,6,1,2,3,4,4,2,2,2,3,2,1,1,1,2,1
Forssan Seudun Hyvinvointikuntayhtymä,Forssan seudun hyvinvointikuntayhtymä,11.3,16.8,41.4,981,Ypäjä,2,1065,Kanta-Häme,05,80,20,0,0,100,0,0,0,0,0,100,0,0,0,1,0,0,6,6,2,6,4,4,1,3,2,2,0,1,2,1,2,1
Kuusiokuntien Sosiaali- ja terveyskuntayhtymä,Ähtäri,13,22,47.9,989,Ähtäri,2,1024,Etelä-Pohjanmaa,14,45,45,10,0,0,100,0,0,0,100,0,0,0,0,0,1,1,3,3,4,1,4,4,3,2,2,2,3,0,1,1,2,0
Äänekoski,Äänekoski,10.1,17,62.5,992,Äänekoski,1,992,Keski-Suomi,13,100,0,0,0,50,50,0,0,0,75,10,10,5,0,0,1,0,6,1,1,1,1,1,2,2,2,2,0,0,2,2,2,1